-1.7366,-1.816,-1.816,-1.4986,-1.6573,-1.6573,-1.4986,-1.5779,-1.5779,-1.7366,-1.4986,-1.4192,-1.0224,-1.1812,-0.78439,-0.78439,-0.86374,-1.0224,-1.3399,-0.94309,-1.3399,-1.3399,-1.1018,-1.0224,-1.3399,-1.4192,-0.86374,-1.1018,-1.4192,-1.2605,-1.0224,-1.2605,-1.4192,-0.30828,-0.30828,0.32654,-0.38763,0.40589,0.088484,0.40589,0.0091318,-0.07022,0.24719,-0.30828,-0.46698,-0.14957,-0.38763,-0.46698,0.0091318,0.16784,0.16784,-0.38763,0.48525,0.32654,-0.22892,0.7233,1.0407,1.3581,0.7233,1.2788,1.3581,0.88201,0.7233,1.2788,0.96136,0.80265,0.7233,0.80265,0.7233,0.80265,1.3581,0.80265,0.88201,0.80265,1.2788,1.2788,0.96136,1.9136,2.8658,1.6755,1.7549,1.5168,1.5168,1.9929,2.1516,1.7549,2.1516,1.5168,0.088484,0.24719,0.088484,-0.07022,0.16784,0.088484,0.16784,0.64395,-0.54633,0.40589,0.088484,0.16784,0.32654,0.24719,-0.30828,0.32654,-0.14957,-0.14957,-0.14957,0.5646,-0.14957,-0.38763,-0.14957,-0.14957,0.16784,-0.22892,0.24719,-0.38763,0.24719,0.48525,-0.38763,-0.07022,0.5646,-0.07022,-0.38763,0.16784,0.40589,0.088484,-0.22892,-0.14957,-0.38763,-0.22892,0.32654,-0.38763,0.16784,0.40589,-0.30828,-0.07022,-0.46698,-0.14957,-0.38763,0.32654,-0.38763,-0.38763,0.5646,-1.7366,-1.7366,-1.6573,-1.6573,-1.5779,-1.5779,-1.4986,-1.4986,-1.4986,-1.4192,-1.4192,-1.4192,-1.3399,-1.3399,-1.3399,-1.1812,-1.1018,-1.1018,-0.94309,-0.94309,-0.86374,-0.86374,-0.78439,-0.78439,-0.78439,-0.78439,-0.78439,-0.78439,-0.78439,-0.78439,-0.70504,-0.70504,-0.62569,-0.62569,-0.62569,-0.54633,-0.46698,-0.46698,-0.38763,-0.38763,-0.38763,-0.38763,-0.38763,-0.30828,-0.30828,-0.30828,-0.30828,-0.30828,-0.22892,-0.22892,-0.22892,-0.22892,-0.22892,-0.22892,-0.22892,-0.22892,-0.14957,-0.14957,-0.14957,-0.14957,-0.07022,-0.07022,-0.07022,-0.07022,0.16784,0.16784,0.16784,0.32654,0.32654,0.32654,0.40589,0.40589,0.48525,0.48525,0.48525,0.5646,0.64395,0.7233,0.7233,0.7233,0.80265,0.80265,0.80265,0.80265,0.80265,0.88201,0.88201,0.96136,0.96136,1.0407,1.0407,1.1994,1.3581,1.3581,1.4375,1.5168,1.5962,1.5962,1.5962,1.6755,1.7549,1.7549,1.8342,1.9136,1.9929,2.1516,2.1516,2.1516,2.3103
-0.83958,-0.19308,-0.84808,0.19822,0.18121,1.0659,0.070625,-0.099506,0.41089,0.65758,0.24926,1.2615,0.053611,0.89576,0.3003,-0.55035,0.57251,1.0319,0.1642,1.1169,0.0025722,0.73413,-1.3159,-1.0267,-0.94165,-0.66944,-1.6137,-1.0522,-1.5541,-0.61841,0.10465,-0.63542,-0.37172,1.3466,2.3249,0.43641,0.79368,0.60654,6.2685,0.8192,2.8523,0.88725,1.2956,1.1254,-1.8263,-0.49931,-1.5456,-1.0352,-1.4691,-1.7498,-0.70347,-1.35,-1.418,-0.89061,-1.452,0.64907,0.087638,0.75965,0.80219,0.028092,1.2615,-0.0059343,0.48744,-0.031454,0.90427,0.15569,-0.93315,-0.82256,-0.80555,-0.75451,-0.38873,-1.0948,-0.61841,-1.8348,-1.2224,-1.0437,-0.55886,-0.03996,-0.60139,-0.26113,-0.51633,-0.97568,0.38537,-0.27814,-0.37172,-0.40574,-0.72048,-0.64392,-0.073987,-0.099506,-0.06548,0.028092,-0.46529,0.46193,0.18121,1.5508,0.33433,-0.55886,-0.76302,0.61504,0.66608,-0.17607,-0.21009,0.60654,-0.06548,-0.45678,0.72563,0.82771,0.51296,-0.3547,-0.27814,0.14718,-0.022947,-0.54185,-0.12503,-0.71198,-0.056974,0.0025722,0.41089,0.29179,0.93829,0.21524,-0.63542,-0.93315,-0.6099,-0.40574,-0.048467,-0.90763,0.45342,-0.46529,-0.24412,-0.26113,0.61504,-0.746,-0.36321,0.24076,-0.41425,0.3003,-0.36321,1.151,-0.073987,-0.19308,-0.40574,-0.65243,0.31391,-0.78003,1.0063,0.93829,-1.1968,1.4997,-0.90763,2.1377,-1.1203,-0.75451,0.72563,-0.25262,0.91277,0.12166,-1.4435,-0.056974,-0.94165,0.58102,0.18121,-1.3244,1.3551,1.2956,-0.43126,1.5593,1.6784,-0.21009,-0.90763,-1.8093,-0.056974,-0.091,1.6273,-1.1458,-0.95016,2.1207,0.28329,1.8995,1.3721,-2.056,-1.1288,-0.66944,-0.28665,-0.38873,1.8315,1.0744,0.79368,0.20673,-0.88211,2.2228,0.49595,1.5593,-0.55035,0.036598,-0.77152,-0.37172,-0.39724,-0.27814,-0.022947,-0.98419,0.73413,0.1727,1.4997,1.0149,-0.43977,0.54699,-0.62691,-0.65243,-1.3074,1.27,-0.36321,0.53848,-0.21009,1.3636,-1.0097,-0.83107,0.6916,-0.83107,-0.8736,1.7379,-0.58438,-1.2479,0.028092,-1.7838,-0.32068,0.66608,-0.15055,-0.38022,-1.0607,0.11316,-0.11652,-0.58438,-0.72048,-0.3462,0.4279,1.3687,-0.80555,0.36835,-1.7498,1.5508,1.8825,1.6613,0.70011,-0.79704,1.2445,-1.5201,0.75115,0.26627,0.40238,0.97232
-0.6549,0.57365,-1.0644,0.57365,0.30064,1.2562,-0.10888,0.6419,1.0514,0.91491,1.1879,1.5974,-0.17713,0.30064,-0.17713,-1.1327,0.23238,0.23238,-0.6549,0.91491,-0.58665,-0.10888,-0.5184,-0.040627,-0.6549,0.36889,-0.72315,-0.72315,-1.4739,-0.31364,0.98316,0.30064,0.30064,0.23238,0.91491,-1.4057,-0.040627,-0.5184,0.57365,-0.85966,-0.38189,-11.098,-0.040627,0.36889,-0.58665,0.84666,-0.72315,0.30064,-0.45014,-0.92791,0.57365,-0.31364,-0.6549,0.91491,-0.72315,0.5054,-0.58665,-0.17713,0.16413,-1.2009,0.84666,-0.45014,0.027626,-0.85966,-0.040627,-0.72315,0.16413,0.36889,-0.24538,0.36889,0.36889,-0.38189,0.98316,-1.6787,-1.2009,-0.72315,-0.17713,-0.45014,0.027626,-0.24538,-0.6549,-0.79141,0.71015,-0.040627,-0.24538,-0.72315,-0.79141,-1.2009,0.6419,0.77841,-0.040627,-0.17713,0.095879,0.43714,1.1879,2.0752,0.84666,-0.99617,-0.5184,0.5054,0.91491,0.5054,0.30064,0.98316,-0.24538,-0.45014,0.91491,1.1197,1.4609,-0.24538,-0.45014,-0.040627,-0.040627,0.027626,0.43714,-0.24538,0.71015,0.5054,1.0514,0.57365,1.1879,0.36889,-0.38189,-0.92791,-0.99617,-0.85966,-0.38189,-0.6549,0.84666,-0.10888,0.36889,0.095879,0.84666,-0.92791,-0.17713,-0.10888,0.16413,1.0514,0.30064,1.3244,0.23238,-0.17713,-0.6549,0.57365,2.007,0.16413,0.71015,-0.10888,0.6419,0.027626,-0.31364,1.1879,0.57365,-0.79141,0.91491,1.3927,-0.31364,0.57365,-0.38189,0.36889,0.57365,0.77841,-0.38189,0.095879,0.5054,0.98316,-0.58665,0.57365,-0.17713,-0.17713,-0.6549,-1.2692,0.23238,0.36889,0.43714,-0.24538,-0.85966,0.36889,-0.24538,1.1879,1.1197,-0.58665,-0.79141,-0.10888,1.1197,0.36889,1.1197,0.5054,0.6419,-0.5184,-0.24538,1.5974,0.095879,1.2562,0.71015,-0.5184,-0.31364,0.36889,0.71015,-0.72315,0.027626,-0.24538,0.36889,1.0514,-0.10888,0.77841,-1.2692,0.6419,0.027626,0.16413,-0.58665,1.1879,0.43714,0.16413,0.77841,-1.6787,-0.10888,-0.040627,0.43714,-0.24538,0.095879,0.57365,-0.72315,-0.79141,-0.38189,-0.92791,-0.5184,1.1197,-0.17713,-0.45014,-1.2009,0.43714,0.36889,-0.79141,-0.72315,-0.72315,0.57365,-0.17713,-0.17713,-1.2009,-1.2009,-0.5184,0.5054,0.71015,-0.45014,-0.24538,0.095879,-0.85966,-0.10888,-1.1327,0.095879,-0.040627
-0.7372,0.20895,-1.6422,-0.24356,-1.4777,0.41463,-0.65492,-0.079009,0.044402,1.6899,0.20895,0.57918,0.16781,0.57918,1.0317,-0.65492,0.3735,1.6899,0.0032648,0.826,0.45577,1.3608,-1.6833,-1.0252,-1.4365,-0.94288,-0.7372,0.33236,-0.65492,-0.53151,0.29122,-0.28469,0.044402,0.74373,1.6899,0.16781,0.20895,1.6899,5.4333,0.90827,2.1424,-0.57265,-0.28469,1.4431,-2.6706,-0.94288,-1.8068,-1.3954,-2.1358,-1.6422,-1.272,-1.5188,-0.61379,-1.1897,-0.079009,0.78486,0.45577,1.0317,1.0317,0.16781,1.4019,-0.98402,0.0032648,-0.24356,0.86714,1.1962,-0.98402,-0.44924,-0.20242,-0.69606,-1.0252,0.29122,-0.65492,-1.9713,-0.61379,-0.81947,0.29122,0.29122,-0.079009,-0.24356,0.16781,0.044402,0.53804,0.29122,0.20895,-0.61379,-0.12015,-0.61379,0.0032648,-0.53151,-0.32583,0.49691,-0.20242,0.0032648,-0.28469,1.2785,-0.20242,0.29122,-0.86061,0.826,0.86714,-0.4081,-0.69606,1.114,0.66145,-2.8352,0.25009,1.6487,0.20895,-1.5599,-0.32583,-0.36697,0.90827,-1.1074,0.0032648,-0.69606,-0.49038,1.2374,0.12668,0.0032648,1.1551,0.62032,-0.44924,-0.44924,-0.12015,-0.57265,0.3735,-0.20242,0.74373,0.12668,-1.0252,-0.69606,-0.079009,-0.079009,-0.61379,-0.079009,-0.4081,-0.12015,-1.5188,1.1551,-0.24356,-0.61379,-0.20242,-1.0252,0.0032648,-0.94288,0.49691,1.1962,-1.1486,1.0728,-1.0663,1.5665,-1.6011,-0.037872,0.085538,-0.98402,0.20895,-0.4081,-0.86061,-0.7372,-1.2308,0.20895,1.114,-0.81947,0.62032,1.0317,0.20895,2.4303,0.99055,-0.16128,-0.4081,-1.6422,0.16781,0.29122,1.4431,-0.81947,-1.1074,1.6899,0.0032648,1.9778,0.826,-1.7245,-1.0252,-1.1074,-0.12015,0.57918,1.6076,0.20895,1.1551,0.0032648,-0.65492,1.5665,1.114,0.20895,-1.0663,0.20895,-1.0252,-0.61379,-0.16128,-0.24356,-0.079009,-1.1486,-0.037872,-0.037872,1.1962,1.6076,0.45577,0.90827,-0.81947,-1.4365,-0.90174,0.90827,0.12668,0.41463,-0.24356,1.3196,-1.3131,-0.44924,0.57918,-0.16128,0.20895,1.8544,-0.24356,-1.1486,1.2785,-1.889,-0.32583,0.12668,0.044402,-0.24356,-1.1486,0.57918,0.0032648,-1.1897,0.99055,0.12668,1.0728,0.90827,-0.037872,1.1551,-1.3542,0.33236,1.4019,1.3608,1.114,-0.69606,1.1551,-1.272,1.1962,0.3735,0.3735,1.1551
-0.91622,-0.85692,-0.59596,0.11575,-0.41803,0.43601,0.50718,-0.14521,0.0089904,-0.14521,0.080161,0.32926,0.13947,0.38857,0.056437,-0.20452,0.12761,0.80373,0.70883,0.63766,0.29367,1.2545,-1.7584,-1.6754,-1.2602,-1.3314,-1.45,-0.40617,-0.86878,-0.40617,-0.038456,-0.86878,-0.92809,1.2901,1.9187,2.0967,0.67325,0.56649,4.1962,1.6578,3.2591,0.61394,1.4798,0.68511,-1.8652,-0.50106,-1.4974,-1.3077,-1.0111,-2.0668,-1.2602,-1.3788,-1.3195,-0.8925,-1.5686,0.80373,-0.097765,1.2663,1.7289,0.4716,1.3612,0.24622,0.80373,0.53091,0.53091,0.25809,-1.2839,-0.6434,-1.367,-0.76202,-0.38245,-1.4619,-0.85692,-1.5568,-0.88064,-1.0942,-1.0942,0.13947,-0.52479,0.2225,-0.37058,-0.44176,0.26995,0.11575,0.068299,-0.22824,-0.39431,0.41229,-0.41803,-0.4892,-0.13335,0.12761,-0.42989,0.68511,-0.14521,1.468,-0.20452,-0.16894,-0.67899,0.79186,0.67325,-0.20452,-0.4892,0.3174,0.3767,-0.91622,0.51904,1.0884,1.1003,-0.35872,-0.53665,0.85117,-0.13335,-0.86878,-0.014733,-0.45362,-0.57223,-0.19266,-0.6434,0.11575,0.41229,-0.19266,-0.1808,-0.80947,-0.22824,0.020852,-0.25197,-0.5841,0.36484,-0.54851,-0.35872,-0.7383,0.32926,-0.050318,-0.28755,0.44787,-0.93995,-0.35872,-0.29941,0.45974,-0.26383,-0.15707,0.2225,-1.0348,-0.50106,-0.96367,0.13947,1.1952,-1.0111,1.5747,-0.93995,0.88676,-1.4619,-0.80947,0.032714,-1.0348,0.56649,-0.27569,-1.4381,0.032714,-0.80947,0.35298,-0.22824,-1.3788,1.2545,0.79186,-0.20452,0.8749,1.6696,-0.20452,-1.023,-1.189,-0.038456,-0.31128,1.7171,-0.47734,-0.97553,2.1797,0.2225,1.0291,0.91048,-2.5531,-0.63154,-1.0111,-0.22824,-1.3432,1.978,0.78,0.99351,0.30553,-1.1179,1.7052,0.48346,0.69697,-1.023,0.092023,-0.35872,-1.0467,-0.80947,0.34112,0.2225,-1.1535,0.75628,-0.0028713,2.4644,0.56649,-0.026595,0.2225,-0.12149,-0.93995,-1.1416,1.7527,-0.29941,0.34112,-0.25197,2.2509,-0.95181,-0.8925,0.70883,-0.82133,-0.21638,2.2627,-0.78575,-0.96367,0.72069,-1.4263,0.10388,0.53091,0.3767,-0.26383,-0.14521,0.30553,-0.074042,-0.70271,-0.42989,0.45974,0.3767,1.9899,-0.59596,0.66139,-0.92809,2.2271,2.239,1.7764,2.0729,-0.40617,1.5273,-1.3788,0.91048,1.2189,0.88676,1.3731
-0.68218,-0.8862,-0.43178,-0.57089,0.69035,0.17101,-0.17212,-0.37614,-0.93257,-0.36687,-0.83056,-0.15357,-0.088653,0.85727,0.35649,0.022632,0.35649,0.4585,-0.27413,0.73671,0.31012,0.57906,-1.4983,-1.1644,-1.5075,-1.1922,-1.6652,-0.35759,-1.7301,-0.83983,-0.35759,-0.74709,-1.2479,0.73671,2.1371,1.9052,0.77381,0.57906,5.151,1.4415,3.1201,1.0891,1.729,1.0891,-1.5354,-1.0253,-1.7487,-1.2108,-0.8491,-2.0547,-0.54307,-1.3592,-0.97894,-1.2015,-1.387,0.69035,0.6718,1.0798,1.1819,0.53269,1.1355,0.19883,0.91292,0.66252,1.2004,0.71817,-0.80273,-0.55234,-1.3128,-0.73782,-0.097927,-0.90475,-0.89547,-1.5354,-0.85838,-0.99748,-1.2757,0.22666,0.26375,0.56051,0.30085,-0.32977,0.48632,0.21738,0.6718,-0.26486,-0.41324,-0.15357,-0.60799,-0.56162,0.2823,0.059728,-0.87693,0.4585,-0.34832,0.61616,-0.088653,-0.54307,-0.40396,0.13392,0.22666,-0.051558,-0.31122,0.27302,0.56051,-0.48743,0.95001,0.83873,-0.35759,-0.023736,-0.18139,1.154,0.22666,-0.27413,-0.014463,-0.55234,-0.23703,-0.23703,-0.014463,-0.46888,0.61616,0.51414,-0.85838,-0.59871,-0.78419,-0.24631,-0.042284,-1.3499,0.087549,-0.51525,-0.22776,-0.20921,0.6718,-0.29268,-0.4967,0.79236,-0.59871,0.56051,-0.37614,1.3024,0.050454,0.04118,-0.1443,-1.4334,-0.6729,-0.98821,0.60688,0.73671,-1.489,1.321,-1.387,0.95929,-1.8321,-0.40396,0.69962,-0.83983,1.154,-0.16284,-1.4797,-0.014463,-1.0531,0.2823,-0.042284,-0.8491,1.2468,0.23593,-0.19994,0.72744,2.1649,-0.16284,-0.98821,-1.6281,-0.20921,-0.20921,1.5064,-1.2201,-0.86765,1.6455,0.013359,1.1077,1.1169,-2.1474,-0.83056,-0.53379,-0.19994,-0.82128,1.5528,0.58833,0.50487,0.80163,-1.1088,1.9609,0.14319,1.219,-0.64508,0.37504,-0.60799,-0.26486,-1.3499,-0.26486,-0.31122,-0.63581,0.97783,-0.3205,1.9794,0.34722,0.12464,0.8109,-0.80273,-0.75637,-1.2201,1.0613,-0.26486,0.46777,-0.4596,2.7399,-1.0624,-1.0253,0.69035,-0.35759,-0.070105,1.6548,-0.4596,-0.90475,0.25448,-1.3313,-0.13502,0.38431,-0.29268,0.04118,-0.57089,0.38431,-0.41324,0.21738,0.069001,0.2823,0.52342,1.9701,-0.90475,0.73671,-1.1922,2.3596,1.525,1.933,1.256,-0.76564,1.3952,-0.83056,1.154,1.7568,0.8109,1.4786
-0.75443,-0.16817,-0.098375,0.1808,0.27851,1.1021,0.05517,-0.3915,-0.00066469,0.5856,-0.23796,1.0881,0.55768,1.2137,0.027252,-0.098375,0.73914,0.99039,0.3483,1.2696,0.69726,0.68331,-0.74047,-0.90797,-0.57297,-0.47526,-2.0386,-0.72651,-1.5919,-0.16817,-0.014623,0.097045,-0.75443,1.1719,2.2606,1.9396,0.87873,0.68331,6.6715,0.36226,3.5867,2.1769,1.9815,0.85081,-1.6338,-0.37755,-1.5919,-1.0057,-1.3267,-1.7734,-0.224,-1.243,-1.5082,-1.1592,-1.578,-0.04254,0.36226,0.82289,-0.40546,-0.04254,0.44601,0.12496,-0.070458,-0.028582,1.1719,0.59955,-0.83818,-1.1313,-0.53109,-0.78234,-0.19608,-0.61484,-0.50317,-1.578,-0.96381,-0.71255,-0.78234,-0.224,-0.084416,0.041211,-0.3915,-0.41942,-0.04254,-0.68463,-0.51713,-0.51713,-0.41942,-0.85214,-0.084416,-0.224,0.32038,0.097045,-0.6288,0.097045,0.20871,1.0602,0.3483,-0.51713,-0.99172,0.52976,0.25059,-0.224,-0.224,0.23663,-0.056499,-0.4613,0.5158,0.111,0.30642,0.097045,-0.084416,0.43205,-0.18213,-0.014623,-0.33567,-1.0196,-0.028582,-0.48921,0.61351,0.15288,0.5856,0.20871,-0.33567,-0.65672,-0.82422,0.013294,-0.19608,-0.93589,-0.056499,-0.29379,-0.57297,-0.11233,0.45997,-1.0615,-0.21004,0.30642,-0.60088,0.097045,-0.224,1.0881,0.23663,-0.084416,-0.14025,-0.83818,0.36226,-0.64276,1.4231,0.87873,-1.0894,1.9535,-0.89401,2.0233,-1.229,-0.65672,0.71122,-0.224,0.90664,0.36226,-1.4105,-0.084416,-1.1732,0.72518,0.50184,-1.4384,1.2416,0.64143,-0.60088,0.96248,1.6744,-0.25192,-0.99172,-1.4942,-0.16817,-0.00066469,2.0233,-1.4942,-0.48921,1.9535,0.27851,1.3952,1.3812,-2.0805,-1.1592,-0.53109,-0.61484,-0.25192,1.2416,0.5856,0.26455,0.44601,-1.0615,1.7442,0.39018,1.6604,-0.47526,0.097045,-0.51713,0.15288,-0.12629,-0.7963,-0.098375,-0.41942,0.78102,0.37622,1.0044,0.29247,0.027252,0.25059,-1.1313,-0.82422,-1.5221,1.2696,-0.11233,0.59955,-0.53109,1.8,-0.50317,-0.76839,0.71122,-0.75443,-0.51713,0.78102,-0.60088,-1.1174,-0.23796,-1.7315,-0.3915,0.93456,-0.21004,-0.40546,-1.3686,0.111,-0.29379,0.041211,-0.82422,-0.8661,0.16684,1.6604,-0.75443,0.083087,-1.7176,2.0094,1.2835,1.3812,0.23663,-0.76839,1.4092,-1.5501,0.64143,0.25059,-0.29379,1.0044
-0.077325,-0.13447,0.036962,0.1322,0.72268,1.256,-0.19161,0.11315,0.66554,0.70363,0.05601,1.2941,0.76078,1.256,1.8275,0.70363,1.0274,1.4275,0.91316,1.2179,0.77983,0.76078,-0.38209,-0.85828,-0.19161,-0.83924,-1.4678,-0.36304,-1.7726,-0.096373,-0.36304,-0.17256,-0.40114,1.4655,2.2465,0.47506,0.77983,1.256,5.3132,0.36077,2.4941,2.1322,1.5798,1.0655,-1.7916,-0.19161,-1.163,-1.2773,-1.4107,-1.6773,-1.2964,-1.525,-1.925,-1.2964,-1.4297,-0.42019,0.51316,0.45601,-0.058277,0.22744,0.41792,0.28458,0.30363,0.26554,1.0655,1.0274,-0.83924,-0.97257,-0.64876,-1.5631,-0.53447,-0.096373,-1.2392,-1.6202,-0.744,-0.93448,-0.51542,-0.83924,-1.125,-0.55352,-0.87733,-0.87733,-0.096373,-0.64876,-0.59162,-0.89638,-0.42019,-0.3059,0.30363,0.18934,-0.21066,-0.096373,-0.47733,-0.096373,-0.38209,0.43697,0.22744,0.51316,-0.89638,0.62744,-0.077325,-0.020182,0.11315,-0.058277,0.017914,-0.89638,0.34173,-0.68685,-0.36304,-0.36304,0.47506,0.81792,0.55125,0.39887,-0.020182,-0.66781,-0.11542,-0.49638,0.98935,-0.17256,-0.17256,-0.43923,0.20839,-0.24876,-0.17256,0.24649,0.24649,-1.125,0.43697,-0.38209,-0.45828,0.1703,0.34173,-0.62971,-0.64876,-0.096373,-0.11542,0.79887,-0.24876,1.3513,-0.058277,0.18934,-0.43923,-0.62971,-0.058277,-0.57257,2.2465,1.7132,-1.4297,1.5608,-0.47733,2.5703,-1.1059,-0.49638,0.51316,-0.40114,1.7513,0.26554,-1.7726,-0.0011338,-1.3154,0.37982,0.87506,-1.3345,0.83697,1.0274,-0.744,0.74173,2.856,0.1322,-0.89638,-1.7916,-0.3059,-0.039229,1.8655,-1.7345,0.11315,1.9798,1.0084,1.9227,1.656,-2.325,-1.0107,-0.2678,-0.76305,-0.40114,1.5798,0.77983,0.64649,0.39887,-0.97257,1.7322,0.22744,1.1227,0.15125,0.32268,-0.32495,0.55125,-0.36304,-0.17256,0.15125,-0.744,1.7894,0.22744,0.77983,0.74173,-0.096373,0.24649,-1.2202,-0.64876,-1.5821,0.81792,-0.59162,0.11315,-0.43923,0.58935,-1.0678,-0.89638,0.85602,-1.0869,-0.32495,0.91316,0.05601,-0.95352,-0.38209,-1.6392,-0.53447,0.87506,-0.19161,-0.76305,-1.2202,-0.020182,-0.43923,-0.49638,-0.97257,-0.95352,-0.020182,0.76078,0.34173,-0.039229,-1.6583,0.36077,0.81792,1.1798,-0.22971,-0.97257,0.74173,-1.8678,0.036962,0.1703,-0.64876,-0.020182
-0.53507,-0.53507,0.12834,-0.53507,1.4966,1.4137,-0.12044,0.33565,-0.12044,1.2893,0.46004,0.25273,-0.12044,1.2064,0.1698,0.045412,0.91613,0.58443,0.045412,0.8332,-0.24483,0.8332,-1.3643,-0.99116,-1.2814,-0.78384,-1.6131,-1.0741,-1.696,-1.3643,0.045412,0.086874,-0.99116,2.3259,1.9527,-0.12044,0.54296,1.2064,4.3575,1.0405,0.41858,1.621,0.95759,0.66735,-1.6131,-0.1619,-1.696,-0.45214,-1.157,-1.7375,-0.57653,-1.5302,-2.0277,-0.41068,-1.5302,-0.24483,0.41858,0.5015,-0.24483,-0.36922,0.95759,-0.24483,0.33565,0.62589,1.082,0.66735,-1.0326,-1.3229,-0.4936,-0.4936,0.0039488,-0.41068,-0.45214,-1.3229,-1.4058,-0.65945,0.46004,-0.12044,-0.45214,0.29419,-0.1619,-0.24483,0.1698,-0.86677,-0.82531,-0.32775,-0.36922,0.37711,-0.078977,0.54296,-0.1619,0.46004,-0.12044,0.79174,0.41858,1.5381,0.33565,0.29419,-0.53507,0.1698,0.33565,-0.078977,-0.078977,0.5015,-1.0326,0.1698,0.29419,0.045412,0.58443,-0.74238,-0.24483,0.58443,-0.20336,-0.32775,-0.20336,-0.94969,-0.078977,0.086874,1.0405,0.25273,0.29419,0.79174,0.045412,-0.86677,-0.82531,-1.0741,-0.74238,-1.157,0.1698,-0.70092,0.045412,-0.037514,-0.20336,-1.2399,-0.70092,-0.28629,-1.0326,0.25273,-0.078977,1.621,0.41858,-0.1619,-0.78384,-1.0326,-0.41068,-0.86677,2.0356,0.91613,-1.1985,1.7039,-1.1155,2.0356,-0.74238,-0.4936,0.58443,-0.32775,0.58443,-0.037514,-1.5716,0.1698,-0.82531,0.8332,-0.53507,-1.2399,1.4137,1.1234,-1.8204,1.2893,0.8332,0.21126,-0.99116,-1.5716,-0.53507,-0.36922,1.5795,-1.5716,-0.20336,1.6625,0.37711,1.8698,1.7454,-2.1107,-0.99116,0.33565,0.12834,0.46004,1.1234,0.5015,1.1234,0.75028,-0.94969,2.6576,0.0039488,1.9527,0.12834,-0.078977,0.0039488,-0.24483,0.58443,0.1698,0.25273,-1.1985,-0.12044,0.1698,0.70882,0.5015,-0.41068,0.33565,-0.99116,-0.1619,-1.4887,0.70882,0.086874,0.95759,-0.20336,-0.70092,-0.86677,0.1698,0.25273,-0.99116,-0.20336,1.7039,0.66735,-1.4058,-0.61799,-2.318,-0.037514,1.6625,-0.4936,0.086874,-1.4887,0.0039488,0.12834,-1.1155,-1.1985,-0.61799,0.70882,1.0405,0.21126,-0.20336,-2.1521,1.4551,1.5795,3.0722,0.086874,-0.45214,2.2429,-1.5716,0.91613,-0.53507,1.2478,1.4966
-0.70941,0.1756,0.5296,-0.17841,0.5296,1.4736,-0.11941,0.057596,0.4116,1.1196,1.2376,1.6506,-0.94542,0.3526,-0.0014048,-0.82742,-0.0014048,0.76561,-0.11941,0.5296,-0.59141,0.88361,-0.53241,-0.59141,-0.11941,-0.35541,-1.0044,-1.2404,-1.0634,-0.29641,6.3707,-0.94542,0.82461,1.2376,1.8866,-0.70941,-0.29641,0.94261,3.8336,0.94261,2.0636,0.3526,1.1196,-0.060406,-1.2404,0.1756,-0.35541,-0.70941,-1.4764,-0.70941,-0.41441,-1.2404,-1.0044,-0.29641,-0.35541,-0.65041,-0.35541,-0.23741,-0.35541,-0.11941,-0.0014048,-0.59141,0.2936,-0.23741,0.94261,-0.23741,-0.82742,-0.94542,-0.41441,-0.88642,-0.41441,-0.88642,-0.0014048,-2.3614,-1.2994,-1.0044,0.6476,-0.76841,-0.94542,-0.23741,0.3526,-0.65041,-0.060406,0.5886,-0.65041,6.2527,-0.76841,0.1166,0.4116,0.76561,-0.35541,-0.0014048,-0.59141,0.82461,0.88361,0.057596,-0.11941,0.1166,-0.70941,-0.47341,-0.47341,-0.41441,0.057596,1.3556,-0.65041,1.0016,0.2346,0.1756,1.0016,-0.17841,-0.47341,0.2936,0.4706,-0.70941,-0.76841,-0.59141,-0.17841,0.1166,1.0016,0.82461,0.88361,0.057596,-0.29641,-0.59141,0.2346,-0.70941,-0.53241,-1.3584,-0.76841,-0.53241,0.057596,-0.060406,-0.29641,-1.5354,-0.060406,-0.23741,-0.41441,0.4116,-0.35541,0.82461,-0.88642,-0.65041,-0.47341,-0.23741,0.057596,-0.65041,1.2376,0.88361,-0.65041,0.94261,-1.5944,1.1786,0.4116,-0.17841,1.0606,-0.82742,1.2376,1.1196,-0.76841,0.88361,-1.2404,1.1196,0.2346,-1.5944,0.1756,1.4736,-0.70941,0.88361,0.5296,0.1756,-0.59141,-0.65041,-0.41441,-0.94542,0.5296,-0.53241,-0.65041,1.0016,0.94261,1.5916,0.5886,-1.7124,-0.76841,-0.23741,-0.41441,-0.29641,0.94261,0.2346,1.0016,-0.11941,-0.76841,1.4146,0.94261,1.7096,-0.41441,0.5886,0.5296,-0.47341,-0.35541,0.5886,0.4116,-0.65041,0.3526,0.5296,-0.76841,0.5886,-1.0044,0.1166,-0.35541,-0.29641,-0.82742,0.057596,-0.060406,1.4146,-0.76841,0.2936,-0.94542,-0.29641,-0.11941,-0.65041,0.4706,2.2996,0.1756,-0.35541,-0.76841,-2.0074,-0.29641,0.1756,-0.35541,0.057596,-1.0634,-0.17841,0.2936,-1.2404,-1.2404,-0.23741,-0.060406,-0.47341,-0.47341,0.5296,-1.7714,0.1756,0.88361,1.3556,0.5886,-0.29641,-0.29641,-0.94542,0.057596,-0.94542,-0.23741,0.88361
-0.090496,-0.58698,-1.1497,0.041899,-0.024299,1.1342,-0.12359,-0.58698,1.2004,1.1011,0.17429,1.6306,0.074997,1.5313,1.2665,-0.38838,1.2996,1.9616,1.6306,1.5975,0.074997,0.24049,-1.4475,-0.81867,-0.38838,-0.78557,-1.1828,-1.0173,-0.58698,-0.71937,0.074997,-0.71937,-1.0835,1.7299,1.6637,-0.090496,0.93556,0.30669,4.2123,0.60458,1.3658,0.43908,1.4651,1.1673,-2.0433,-0.85176,-1.4475,-1.1497,-1.1497,-1.8116,-2.0764,-1.8447,-0.88486,2.0609,-1.5137,1.2004,0.27359,1.7961,-0.22289,0.73697,1.2996,0.074997,0.14119,0.43908,1.0018,0.83627,-0.88486,0.17429,0.1081,-1.6461,-0.25599,-0.65317,-0.85176,-0.98416,-0.95106,-0.98416,-0.68627,-0.48768,-0.28909,-0.65317,-0.95106,-0.78557,0.67077,-0.35528,-0.85176,0.041899,0.1081,-1.0173,-0.68627,-1.1497,-1.0504,-0.28909,-0.71937,0.33979,-0.65317,0.20739,-0.22289,-0.55388,-0.22289,1.0018,-0.024299,-1.4475,-0.42148,-0.42148,-0.71937,-0.42148,-0.58698,0.93556,0.93556,-0.057397,0.33979,0.40598,1.0018,-0.52078,-0.15669,-0.81867,-0.78557,0.37288,0.43908,-0.057397,0.53838,0.24049,0.70387,-0.55388,0.70387,1.1011,0.50528,0.53838,0.33979,-0.22289,-1.5799,-0.35528,0.40598,0.43908,0.57148,-0.45458,0.14119,0.67077,-0.18979,1.068,-0.48768,-0.090496,-0.22289,-0.58698,-0.15669,0.40598,1.2665,0.33979,-2.1426,1.2334,-0.22289,2.0609,-1.4806,-0.55388,0.47218,-0.024299,0.96866,-0.22289,-1.7454,-0.71937,-1.7454,-0.32219,0.40598,-1.3151,0.57148,1.3658,-0.68627,1.6306,1.2665,0.074997,-0.62007,-2.4736,-0.42148,0.041899,1.0349,-0.42148,-0.25599,0.70387,0.83627,2.2595,1.1011,-1.5137,-0.28909,-0.75247,-0.58698,0.20739,1.6306,1.3658,1.432,0.37288,-0.88486,1.5975,0.57148,0.47218,-0.18979,0.20739,-0.35528,-0.48768,-0.55388,0.50528,-0.18979,-0.95106,-0.057397,0.20739,0.83627,1.6637,0.27359,1.4651,-0.28909,-1.0835,-0.45458,1.4982,-0.91796,0.14119,-1.2158,0.80317,-0.32219,-1.5799,1.1342,-1.2489,-0.28909,2.0278,-1.4475,-0.95106,0.60458,-2.3081,0.37288,0.30669,0.77007,0.041899,-0.18979,-0.15669,-0.45458,-1.4806,-0.32219,-0.65317,0.1081,0.93556,-0.81867,1.2004,-1.2489,0.86936,1.1011,1.0018,-0.057397,-1.0173,1.7299,-2.2088,0.96866,-0.32219,-0.58698,0.47218
-0.62547,0.11685,-1.7142,0.36429,-0.47701,0.95814,-0.42752,0.16633,1.2056,0.66121,0.36429,0.76019,-0.031617,1.453,0.90865,-1.1204,1.0571,1.453,0.90865,0.7107,0.80968,2.0469,-1.3678,-0.97189,-0.32855,-0.22957,-0.82343,-1.0214,-0.37803,-0.97189,-0.47701,-1.1204,0.66121,1.4035,1.5025,0.56224,0.95814,0.90865,0.16633,1.1561,1.9974,0.017871,0.56224,1.4035,-2.7535,-0.62547,-1.2193,-0.9224,-1.5657,-1.4173,-1.4173,-1.2688,-1.3183,-0.62547,-0.57599,0.76019,-0.18008,1.1066,0.067359,0.46326,1.552,0.56224,0.61173,0.16633,1.2056,0.7107,-0.62547,-0.62547,-0.27906,-0.77394,-0.67496,-0.67496,-0.67496,-1.4668,-0.82343,-0.82343,0.26531,-1.4668,-0.9224,0.017871,-0.72445,-1.7142,0.46326,-0.67496,-1.1698,-0.47701,-0.32855,-0.13059,0.3148,0.46326,-0.47701,-0.13059,-0.22957,0.46326,-0.37803,1.0571,0.7107,-0.42752,-0.57599,1.1066,1.1561,-1.2193,0.26531,0.80968,-0.72445,0.36429,-0.081105,0.46326,1.0076,-1.3183,-0.22957,-0.42752,1.2056,-0.5265,-0.67496,-1.1698,-0.32855,0.56224,0.41377,-0.031617,1.2551,0.46326,-0.32855,-0.57599,0.26531,0.76019,0.80968,-0.22957,0.46326,-0.42752,-1.0709,-0.13059,-0.031617,0.3148,0.56224,0.067359,-0.18008,-0.13059,-0.62547,0.56224,-0.37803,-0.081105,-0.57599,-0.72445,0.51275,-0.18008,0.80968,0.51275,-1.7142,0.85917,0.16633,2.5418,-1.1698,-0.18008,0.26531,-0.47701,1.0076,-0.32855,3.0861,-0.22957,-1.1698,0.26531,0.95814,-1.2193,1.2551,2.4923,0.017871,2.1953,1.552,0.56224,-0.62547,-1.3678,0.017871,-0.13059,-3.7927,-0.87291,-1.0214,0.41377,0.80968,1.8984,0.16633,-2.0111,-0.18008,-1.1204,0.11685,0.3148,1.552,0.85917,1.8489,0.26531,-0.67496,1.2551,0.7107,0.61173,-0.77394,0.56224,-0.67496,-0.42752,0.66121,0.067359,-0.13059,-1.0214,0.11685,0.26531,1.0076,-2.7535,0.41377,1.453,-0.57599,-1.2193,0.067359,1.1561,-0.37803,0.66121,-0.97189,0.21582,-1.1698,-1.3678,0.85917,-1.4668,0.61173,1.651,-0.82343,-0.9224,1.2056,-3.2978,0.3148,0.66121,0.7107,0.51275,-0.67496,0.21582,0.46326,-1.2688,0.017871,-1.1698,-0.081105,0.46326,0.11685,0.90865,-1.9122,0.7107,1.0076,0.56224,0.3148,-0.67496,1.9479,-1.4668,-0.031617,-0.72445,0.36429,0.66121
-1.2101,-0.031879,-1.7457,-0.031879,-0.56745,0.6108,-0.56745,0.6108,-0.031879,1.0393,0.28946,0.82503,-0.56745,0.6108,-0.031879,-1.4244,-0.99591,1.1464,0.28946,-0.031879,0.18235,1.7891,-1.6386,-1.2101,-0.67456,-0.56745,-1.8528,-1.3172,-1.103,-0.67456,0.18235,-0.35322,0.6108,0.50369,1.5748,-1.3172,0.82503,1.2535,3.3958,0.075235,3.3958,-0.88879,0.18235,0.6108,-2.2813,0.075235,-0.99591,-0.35322,-2.067,-1.5315,-0.99591,-1.103,-1.4244,0.28946,0.28946,0.71792,0.28946,1.0393,-0.031879,0.28946,2.1104,0.075235,0.93215,0.6108,0.18235,0.50369,-0.88879,0.50369,-0.13899,-0.99591,0.39658,0.075235,-0.031879,-1.4244,-1.5315,0.075235,-0.13899,0.6108,0.075235,0.82503,0.82503,-0.56745,0.82503,1.0393,-0.24611,-0.031879,0.6108,-0.13899,0.6108,0.50369,-0.56745,0.6108,0.18235,0.93215,-0.46034,2.3246,0.28946,-0.031879,-0.031879,0.075235,0.39658,-1.3172,0.18235,1.5748,-0.56745,0.6108,-0.13899,0.93215,1.0393,-0.99591,-0.13899,-0.88879,1.6819,-0.88879,-0.78168,-0.99591,-0.13899,1.3606,0.28946,-0.24611,1.3606,0.18235,-0.67456,-0.67456,-0.24611,-0.67456,-1.103,-0.88879,-0.13899,-0.56745,-0.67456,-1.2101,-0.35322,-0.99591,-0.13899,-0.67456,-1.2101,-0.56745,-0.67456,0.50369,-1.7457,-0.46034,-0.35322,-0.031879,0.075235,-0.99591,0.50369,0.18235,-1.4244,0.18235,-0.46034,1.4677,-0.88879,-0.35322,1.2535,-0.56745,0.93215,0.39658,-1.4244,-0.031879,-1.8528,0.93215,1.5748,-1.8528,0.28946,1.2535,-0.56745,1.6819,0.6108,-0.88879,-0.56745,-1.4244,-0.56745,-0.46034,2.0033,-1.4244,-1.6386,0.18235,-0.13899,1.7891,0.82503,-1.8528,-1.103,-0.88879,-0.56745,-0.031879,1.8962,0.93215,0.6108,0.28946,-0.35322,1.7891,0.50369,0.28946,-1.2101,0.6108,-0.88879,-1.4244,0.28946,0.6108,0.39658,-0.88879,0.50369,0.18235,-0.88879,1.2535,-0.99591,0.18235,-0.56745,-0.67456,-0.88879,0.71792,0.39658,0.82503,-0.24611,0.18235,-0.46034,0.39658,1.0393,-1.2101,0.71792,1.4677,-0.46034,-1.3172,1.0393,-2.6026,0.6108,0.18235,0.6108,0.82503,-1.4244,0.82503,-0.24611,-0.67456,0.075235,0.075235,0.82503,0.28946,0.075235,0.93215,-1.8528,1.2535,1.3606,1.3606,0.28946,0.28946,0.6108,0.28946,2.0033,-0.24611,1.6819,2.8602
